Claim ID,Capability,Verified status,Evidence,Code path,Test path,Runtime validated?,Dissertation wording supported,Required qualification,Unsupported wording
MM-001,Local object model,Fully operational,"Local model/WASM HTTP 200; graph started; SHA-256 recorded","apps/web/src/lib/objectDetection.ts; apps/web/public/mediapipe","apps/web/src/lib/multimodal.test.ts",Yes,"SERPS loads a locally hosted EfficientDet-Lite0 COCO model for bounded browser inference.","Research prototype; no SERPS-specific accuracy certification.","Production-certified or infallible object recognition"
MM-002,Person detection,Fully operational,"Physical integrated-camera detections persisted at 0.781 and 0.7506 confidence","apps/web/src/lib/objectDetection.ts; apps/web/src/lib/multimodalEvents.ts","apps/web/src/lib/multimodal.test.ts; tests/test_multimodal.py",Yes,"SERPS locally detected a person and persisted structured evidence.","One machine/camera/room validation only.","Universal person-detection accuracy"
MM-003,Multiple-person detection,Operational with limitations,"Synthetic detector outputs and controlled persistence/CIE fixtures","apps/web/src/lib/objectDetection.ts; src/serps_pop/governance/engine.py","apps/web/src/lib/multimodal.test.ts; tests/test_multimodal.py",Fixture only,"SERPS implements multiple-person event mapping and contextual rules.","Physical multi-person validation pending.","Physically proven on defence hardware"
MM-004,Mobile-phone detection,Operational with limitations,"Synthetic outputs plus SQLite/PostgreSQL controlled end-to-end fixtures","apps/web/src/lib/objectDetection.ts; src/serps_pop/governance/engine.py","apps/web/src/lib/multimodal.test.ts; tests/test_multimodal.py",Fixture only,"SERPS implements the COCO cell-phone class and cross-camera contextual handling.","Physical phone-present validation pending; not arbitrary device detection.","All prohibited-device detection"
MM-005,Microphone acquisition,Fully operational,"Physical Realtek microphone acquired; microphone_connected persisted","apps/web/src/lib/audioMonitoring.ts","apps/web/src/lib/multimodal.test.ts; tests/test_multimodal.py",Yes,"SERPS acquires a browser microphone and records lifecycle metadata.","Browser permission and hardware availability required.","Continuous remote audio streaming"
MM-006,Audio activity extraction,Operational with limitations,"Live RMS values observed; threshold/sustained fixtures passed","apps/web/src/lib/audioMonitoring.ts; apps/web/src/lib/multimodalEvents.ts","apps/web/src/lib/multimodal.test.ts; tests/test_multimodal.py",Partial,"SERPS computes privacy-safe normalised RMS energy and bounded activity events.","No physical threshold crossing; no semantic audio analysis.","Speech transcription speaker identification or conversation understanding"
MM-007,Privacy-safe persistence,Fully operational,"Raw media fields rejected; metadata persisted in SQLite/PostgreSQL","src/serps_pop/domain/evidence.py; src/serps_pop/evidence","tests/test_multimodal.py",Yes,"SERPS persists structured metadata and does not store raw audio/video by default.","Default prototype behavior; deployment controls still require governance.","No privacy risk or certified compliance"
MM-008,CIE correlation,Fully operational,"Isolated repeated and corroborated tests; CIE-RULES-2.0 runtime records","src/serps_pop/governance/engine.py","tests/test_multimodal.py",Yes,"SERPS applies deterministic explainable contextual rules.","Rule-based research prototype not a misconduct classifier.","AI determines cheating"
MM-009,Agentic and IPIME governance,Fully operational,"SQLite/PostgreSQL recommendations policy audit and reports","src/serps_pop/governance/services.py","tests/test_multimodal.py",Yes,"Multimodal evidence enters advisory recommendation policy and human review workflows.","Human reviewer remains authoritative; examination continues.","Automatic disciplinary action or termination"
MM-010,Mode A,Fully operational,"Routing test plus physical integrated-camera person inference","apps/web/src/lib/multimodalEvents.ts; candidate workspace","apps/web/src/lib/multimodal.test.ts",Yes,"Mode A uses the primary camera for object inference and supports audio.","Fresh device selection required when identifiers change.","Secondary evidence exists in Mode A"
MM-011,Mode B,Operational with limitations,"Dual-role and cross-camera fixture tests","apps/web/src/lib/multimodalEvents.ts; candidate workspace","apps/web/src/lib/multimodal.test.ts; tests/test_multimodal.py",Fixture only,"Mode B routes object inference to both configured camera roles.","Physical dual-camera rerun pending.","Physically validated dual-camera inference"
MM-012,Mode C,Operational with limitations,"Primary-only routing and neutral missing-modality test","apps/web/src/lib/multimodalEvents.ts; candidate workspace","apps/web/src/lib/multimodal.test.ts",Fixture only,"Mode C uses primary-camera inference and mirror contextual coverage.","Mirror is not independent; physical rerun pending.","Mirror equals an independent second camera"
